title,comment
小米10真机上手，憋了一肚子心里话，不吐不快,
,      科技说说说   ⋅ 461评论  ⋅ 10天前 
小米10游戏性能实测！对比麒麟990 5G，这次的提升还是很明显的！,
,      小白有品   ⋅ 8评论  ⋅ 3小时前 
小米10体验一天说说感受！优点太多，缺点只有一个,
,      极客   ⋅ 213评论  ⋅ 10天前 
搭载骁龙865的小米10，5G真比不过麒麟990吗？实测后看出了差距！,
,      小白有品   ⋅ 4评论  ⋅ 3小时前 
客观快速评测小米10：优点和缺点并存，3999元的价格你感觉值吗？,
,      悟空评测   ⋅ 62评论  ⋅ 10天前 
小米10上手评测：只有一个小遗憾 但足以让三星华为头疼,
,      互联网手机时评   ⋅ 141评论  ⋅ 10天前 
「大米评测」铲除钉子户？小米10评测（对比Mate30Pro、一加7T）,
,      大米评测   ⋅ 694评论  ⋅ 5天前 
小米10真机上手，性能、拍照全部第一，iPhone11不要了,
,      小研哥测评   ⋅ 109评论  ⋅ 10天前 
小米10大型游戏再测评：骁龙865名不虚传？,
,      Beautiful科技体验   ⋅ 11评论  ⋅ 2天前 
一分钟带来了解小米10的全部内容，网友：心动的感觉,
,      吖有科技   ⋅ 25评论  ⋅ 13天前 
跑分超58万！小米10首发上手体验，被他的实力所征服,
,      O科技   ⋅ 115评论  ⋅ 10天前 
提前摸了一天3999元的小米10，和你们来谈谈感受,
,      数码老司机   ⋅ 241评论  ⋅ 10天前 
「测评」小米 10，成高端机了吗？,
,      Kaisam吴   ⋅ 67评论  ⋅ 4天前 
小米10首发开箱测评：3999元值得买吗？,
,      科技小助手   ⋅ 566评论  ⋅ 9天前 
小米10观影测评：屏幕就值3999元？太好看了！,
,      Beautiful科技体验   ⋅ 180评论  ⋅ 8天前 
价格争议如此之大的小米10值得购买么？深度体验小米10优缺点,
,      徐聊科技   ⋅ 289评论  ⋅ 3天前 
小米10正式发布，这个样子看起来有点熟悉,
,      中关村在线   ⋅ 60评论  ⋅ 10天前 
小米10开箱体验分享：贵了，也更强了,
,      佚名科技   ⋅ 98评论  ⋅ 6天前 
图赏丨小米 10：3999 元起售，骁龙 865 和 1 亿像素它都有,
,      极客之选   ⋅ 0评论  ⋅ 10小时前 
小米10开箱图赏：冰海蓝惊艳十足,
,      安兔兔   ⋅ 0评论  ⋅ 1天前 
高管，高而不管？小米10质量翻车真的是友商所为？,
,      咔嚓爱科技   ⋅ 34评论  ⋅ 22小时前 
小米10两天深度体验，不吹不黑，聊聊关于它的优缺点,
,      黑评   ⋅ 22评论  ⋅ 6天前 
小米10新机基本参数一览 顶配版售价4699元,
,      中关村在线   ⋅ 303评论  ⋅ 10天前 
开年首批骁龙865新机，小米10与三星S20，对比后差距明显,
,      吖有科技   ⋅ 0评论  ⋅ 1天前 
Realme X50 Pro：我强，但并未针对谁！小米10：太难了,
,      专注数码而杂谈   ⋅ 11评论  ⋅ 2小时前 
小米10用户评价出炉，最香高端旗舰机没错了，但看到差评后我笑了,
,      小研哥测评   ⋅ 4评论  ⋅ 1天前 
两次秒售罄的小米10，还能火爆多久？,
,      TechWeb   ⋅ 5评论  ⋅ 1天前 
小米10是否值得购买，友商帮你总结多项问题，看完再下手不迟,
,      小叮当数码   ⋅ 0评论  ⋅ 10小时前 
这个功能就值3999元？小米10内置特别的小爱同学：全新升级？,
,      Beautiful科技体验   ⋅ 17评论  ⋅ 1天前 
小米10真机上手，优缺点都说一下，大招简直太猛,
,      科技微观论   ⋅ 1评论  ⋅ 2天前 
